id,school_name,city,state
1,"Episcopal, TX",,Country
2,"W.T. White (TX)",,Country
3,"SW Atlanta Christian GA",,Country
4,"Example Academy IL",,Country
5,"Glenbrook South IL",,Country
6,"Winter Haven FL",,Country
7,"Fort Erie Inter Academy ONT",,Country
8,"AZ Compass Prep AZ",,Country
9,"Bishop McNamara MD",,Country
10,"St. Thomas Aquinas FL",,Country
11,"Duncanville TX",,Country
12,"Duncanville, TX",,Country
13,"Bishop McNamara, MD",,Country
14,"ACF, FL",,Country
15,"Royal Crown, ONT",,Country
16,"Royal Crown, ON",,Country
17,"Capital Court, ONT",,Country
18,"Walker, LA",,Country
19,"Lafayette Christian, LA",,Country
20,"Kings Christian Collegiate, ONT",,Country
21,"Legacy Early College, SC",,Country
22,"IMG Academy, FL",,Country
23,"Rigby, ID",,Country
24,"Greenforest, GA",,Country
25,"Winston Salem Christian, NC",,Country
26,"South Shore, NY",,Country
27,"Harrison Central, MS",,Country
28,"Sierra Canyon, CA",Chatsworth,CA
29,"Folsom, CA",,Country
30,"Hagarity, FL",,FL
31,"Lone Peak, UT",,Country
32,"NCGBB, NC",,NC
33,"Providence, NC",,NC
34,"Taylor, TX",,TX
35,"Berean Christian, CA",,Country
36,"Lahainaluna, HI",,HI
37,"United Township, IL",,IL
38,"Bishop McGuinness Catholic, NC",,NC
39,"Renaissance, MI",,MI
40,"Butler Traditional, KY",,KY
41,"Tilton School, NH",,Country
42,"Andover, KS",,Country
43,"Georgetown Visitation, DC",,Country
44,"Washburn Rural, KS",Topeka,KS
45,"Carroll County, VA",,VA
46,"The Pingry School",,NJ
47,"Maple Grove, MN",,MN
48,"DME Academy, FL",,Country
49,"DME Academy, FL","Daytona Beach",FL
50,"Lakeville North, MN",Lakeville,MN
51,"Cleveland, TN",Cleveland,TN
52,"Benlide St. Margaret's, MN","St Louis Park",MN
53,"Mahtomedi, MN",Oakdale,MN
54,"Boise, ID",Boise,ID
55,"Hardaway, GA",Columbus,GA
56,"Noble & Greenough, MA",,MA
57,"Gill St Bernard School, NJ",,NJ
58,Wayne,Lavalette,WV
59,"Central Pointe Christian, FL",Orlando,FL
60,"Central Pointe, FL",Orlando,FL
61,"Oakland Tech, CA",,Country
62,"Denver East, CO",Denver,CO
63,Kiefer,"Kiefer, OK",OK
64,"Monterey, TX",Lubbock,TX
65,"Buena Park, CA",,CA
66,"Long Island Lutheran, NY",,NY
67,"SFU, CA","San Francisco",CA
68,"Sage Hill, CA","Newport Beach",CA
69,"S3 Academy, VA",,VA
70,"Long Island Lutheran, FL",,NY
71,"Sage Hill, CA",,CA
72,"Detroit Country Day, MI",,MI
73,"Saginaw Heritage, MI",,MI
74,"Piedmont, CA",Leandro,CA
75,"Montverde Academy, FL",Orlando,FL
76,"Stanley Lake",,CO
77,"Roosevelt, CO",,CO
78,"Ishidore Newman, LA",,LA
79,"York Institute, TN",,TN
80,"Mater Dei Catholic, IL","St Rose",IL
81,"Liberty-Benton, OH",,OH
82,"Alief Taylor, TX",,TX
83,"Vandegrift, TX",Austin,TX
84,"Liberty, OR",Hillsboro,OR
85,"Malakoff, TX",Malakoff,TX
86,"St. Francis, GA",Marietta,GA
87,"Big Walnut, OH",,OH
88,"Westtown, PA",Oxford,PA
89,"Western Reserve Academy, OH",Hudson,OH
90,"Sherwood, OR",Sherwood,OR
91,"Peoria, IL",Peoria,IL
92,"East Hickman, TN",Lyles,TN
93,"Shelley, IA",,ID
94,"Brownsburg, IN",Avon,IN
95,"Legion Prep, TX","Little Elm",TX
96,"Mountain Iron-Buhl, MN","Mountain Iron",MN
97,"R. Nelson Snider, IN","Fort Wayne",IN
98,"Putnam Science Academy, CT",Stoughton,MA
99,"Timberlake, FL",Orlando,FL
100,"Trinity Christian, GA",,GA
101,"Altoona, PA",,WI
102,"Niagara Prep, ONT",,Country
103,"Archbishop Mitty, CA",,CA
104,"Mead, WA",Spokane,WA
105,"Lake City, ID",,ID
106,"Bellarmine Prepatory",,WA
107,"Jennings, IN","North Vernon",IN
108,"Central Pointe Christian, FL",,FL
109,"Andover, MN","Ham Lake",MN
110,"The Shipley School, PA",Glassboro,NJ
111,"Lake Ridge, TX",,TX
112,"NCGBB Academy, NC",,NC
113,"Bolles, FL",,FL
114,"IMG Academy, FL",,FL
115,"Genn, TX",,TX
116,"Cooper, KY",,KY
117,"Ontario Christian, CA",,CA
118,"Luhi, NY",,PA
119,"La Jolla Country Day",,CA
120,"Lakeside, GA",,GA
121,"Montverde Academy, FL",,FL
122,"Valor Christian, CO",,CO
123,"Friends Central, PA",,PA
124,"Wossman, LA",,AR
125,"Notre Dame Academy, KY",,KY
126,"Centennial, MN",,MN
127,"Oakland Tech, CA",,CA
128,"San Jose Prep, FL",,FL
129,"New London, CT",,Country
130,"Bella Vista Prep, AZ",,AZ
131,"Eldorado, NM",Albuquerque,NM
132,"Collins Hill, GA",,GA
133,"Cardinal Ritter College Prep","Raytown, MO",MO
134,"Lafayette Jeff, IN",,IN
135,"West Seattle, WA",,WA
136,"Timberline, WA",,WA
137,"Blackmon, TN",,TN
138,"Clark, TX","San Antonio",TX
139,"Marian, MI",,WI
140,"Sierra Canyon, CA",,CA
141,"St. Thomas Aquinas, KS",,KS
142,"SPIRE Institute, OH",Cleveland,OH
143,"Mason, OH",,OH
144,"Kaukauna, WI",,WI
145,"Sidwell Friends, DC",,DC
146,"Harpeth Hall, TN",,TN
147,"Bella Vista Prep, AZ",,CA
148,"Riverdale Ridge, CO",,CO
149,"Center Grove, IN",Greenwood,IN
150,"FFA, TX",,TX
151,"Etiwanda, CA",,CA
152,"Neenah, WI",,WI
153,"Indian Creek, IN",,IN
154,Alton,,IL
155,"Hamilton Southeastern, IN","New Palestine",IN
156,"Skyview, MT",Billings,MT
157,"Springboro, OH",Springboro,OH
158,"South Grand Prairie, TX","South Grand Prairie",TX
159,Ripley,Ripley,WV
160,"AZ Compass, AZ",Rochester,NY
161,"Portsmouth, OH",Portsmouth,OH
162,"Archbishop Mitty, CA","San Jose",CA
163,"Montgomery County","Mt Sterling",KY
164,"North Thurston, WA",Lacey,WA
165,"New Dorp","Staten Island",NY
166,Pinnacle,Phoenix,AZ
167,"Rosary Academy",Anaheim,CA
168,"Valor Christian","Highlands Ranch",CO
169,"Life Center Academy","Woolrich Township",NJ
170,"Heathwood Hall, SC",Columbia,SC
171,"Hernando, MS",Southaven,MS
172,"1 of 1 Prep,Academy",Waxhaw,NC
173,"South Meck, NC",,NC
174,"Pickerington Central, OH",Pickerington,OH
175,"Westwood, SC",,NC
176,"Riverdale Baptist","Upper Marlboro",MD
177,Mullen,Denver,CO
178,"Arizona Compass",Tucson,AZ
179,"Phoenix Country Day, AZ",Phoenix,AZ
180,"Sidwell Friends",Washington,DC
181,"Arizona Compass, AZ",Phoenix,AZ
182,"Christ the King",Commack,NY
183,"Kenwood Academy",Chicago,IL
184,"Westerville North",Westerville,OH
185,"AKRON Hoban",Akron,OH
186,DeLaSalle,Minneapolis,MN
187,"Toledo Central Catholic",Toledo,OH
188,"Duncanville, TX",Saginaw,TX
189,"JM Robinson, NC",Mooresville,NC
190,"Cannon School",Concord,NC
191,"Panther Creek",Cary,NC
192,"Quality Education Academy, NC",,NC
193,"NYC Good Better Best Academy",Raleigh,NC
194,"Legacy Early College",Simpsonville,SC
195,Chambers,,NC
196,"Concord Academy",Concord,NC
197,Choctaw,"Midwest City",OK
198,Richland,Pulaski,TN
199,"Northview Academy, TN",Sevierville,TN
200,"Montgomery Catholic, AL",Montgomery,AL
201,"Seminole Ridge","Lake Worth",FL
202,"Xavier College Prep, AZ",,AZ
203,"Plainfield East",Plainfield,IL
204,"Kettering Alter",Kettering,OH
205,"McEachern, GA","Powder Springs",GA
206,"Gilmour Academy, OH",Cleveland,OH
207,"Milton, GA",Roswell,GA
208,"Long Island Lutheran, NY","Long Island",NY
209,"Winchendon School","North Yarmouth",ME
210,Stevenson,,IL
211,"Detroit Country Day, MI",Southfield,MI
212,"Episcopal Collegiate","North Little Rock",AR
213,"Science Hill","JOHNSON City",TN
214,"Millbrook Magnet",Knightdale,NC
215,Clayton,Garner,NC
216,"Abingdon, VA","Pounding Mill",VA
217,"Dyersburg, TN",Dyersburg,TN
218,"Warner Robbins, GA",Perry,GA
219,"Hebron Christian Academy, GA",Wellington,FL
220,Westview,Martin,TN
221,"Hernando, MS","Horn Lake",MS
222,"Webb School, TN",Knoxville,TN
223,"Link Academy, MO",Joplin,MO
224,"Mount Paran Christian School",Acworth,GA
225,"Lake Norman",Mooresville,NC
226,"University Christian, FL",Jacksonville,FL
227,"Montverde Academy, FL",Parrish,AL
228,"Bartram Trail",NULL,FL
229,"Baptist Prep, AR",Maumelle,AR
230,"St. Marys, CA",Sacramento,CA
231,"Oak City Prep, NC",Youngsville,NC
232,"Nova, FL",Sunrise,FL
233,"Tabor Academy, MA",Auburn,NH
234,Ensworth,Nashville,TN
235,"Wilbraham & Monson, MA",,MA
236,"Legion Collegiate Academy","Fort Mill",SC
237,"Lakeway Christian Academy",Kodak,TN
238,"Lipscomb Academy, TN",Brentwood,TN
239,"Daniel Boone, TN",Jonesborough,TN
240,"Lake Central",Schereville,IN
241,Hardaway,Columbus,OH
242,"Frederick, MD",Frederick,MD
243,"Crispus Attucks, IN",Indianapolis,IN
244,Eastern,Louisville,KY
245,"American Heritage, FL",Davie,FL
246,Chiawana,Pasco,WA
247,"Woodward Academy",Atlanta,GA
248,"Beaver Dam","Beaver Dam",WI
249,"Springboro, OH",Cincinnati,OH
250,"Tabor Academy",Eastham,MA
251,Norview,,VA
252,"Divine Savior Holy Angels","Menomonee Falls",WI
253,Cedarburg,Saukville,WI
254,"Saddle River Day School","North Arlington",NJ
255,"Grayson, GA",Lawrenceville,GA
256,"Peoria Notre Dame",Edwards,IL
257,SHS,Statesboro,GA
258,"Immaculate Conception",Haledon,NJ
259,"Manchester, VA",Midlothian,VA
260,"Smithson Valley","San Antonio",TX
261,"Liberty Christian, CA",WINSTON-Salem,NC
262,"Long Island Lutheran, NY","Port Chester",NY
263,"Bishop McNamara",Glenarden,MD
264,"Bishop McNamara, MD",Forestville,MD
265,"Apex Friendship",Apex,NC
266,Orange,Hillsborough,NC
267,Claremore,Claremore,OK
268,DeSoto,"Cedar Hill",TX
269,"Dr Phillips, FL",Orlando,FL
270,"Benson Polytechnic, OR",Portland,OR
271,"Winter Haven",Lakeland,FL
272,"Blue Valley North, KS","Overland Park",KS
273,"Notre Dame Academy","Green Bay",WI
274,"Notre Dame Academy, WI","Green Bay",WI
275,"Ursuline Academy",Wyncote,PA
276,"Cass Tech, MI",Detroit,MI
277,"Raymond, Alberta",Provo,UT
278,Hamilton,Hamilton,AL
279,"Providence Day, NC",Charlotte,NC
280,"Sacred Heart, KY",Louisville,KY
281,"St JOSEPH by the Sea","Staten Island",NY
282,Benson,Portland,OR
283,Banneker,Atlanta,GA
284,"South Seminole Academy",Oviedo,FL
285,"Holy Innocents, GA",Atlanta,GA
286,"Westtown, PA",Fallston,MD
287,"Rockdale County",Conyers,GA
288,"Booker T Washington",Tulsa,OK
289,"Cypress Spings, TX",Houston,TX
290,"Desert Vista, AZ",,SC
291,"Elite Prep, WA",Tacoma,WA
292,"Christ the King, NY",,NY
293,"Grandview, CO",Centennial,CO
294,"IMG Academy, FL",,PA
295,Garfield,"Federal Way",WA
296,"Clackamas, OR","Clackmas, OR",OR
297,"Valor Christian, GA",,GA
298,"Cherry Creek, CO",,CO
299,"Westtown, PA",,PA
300,"Independence, NC",Charlotte,NC
301,"Folsom, CA",,CA
302,"The Burlington School",Durham,NC
303,Franklinton,Youngsville,NC
304,"bedford, NH",,MA
305,"Legion Prep, TX",,TX
306,"Faith Family Academy, TX",Houston,TX
307,"Sandia, NM",,NM
308,"Mount Paran Christian, GA",Kennesaw,GA
309,"St James",,KS
310,"Grace Christian, NC",Nashville,TN
311,"Good Counsel, MD",,MD
312,"Sidwell Friends, DC",Baltimore,MD
313,"Edmond Memorial, OK",Stillwater,OK
314,"Hutchison, TN",Cordova,TN
315,"Blue Valley",,MO
316,"Grosse Pointe Academy, MI","Grosse Pointe",MI
317,Idabel,Elkins,AR
318,Fayetteville,Fayetteville,AR
319,"Shiloh Christian",Fayetteville,AR
320,"NMH, MA",Barrington,RI
321,"Boswell, TX","Fort Worth",TX
322,"RJ Reynolds",Hookerton,NC
323,TPLS,Apex,NC
324,"East Chapel Hill",Durham,NC
325,Lakeridge,Mansfield,TX
326,"PATRICK Henry",Roanoke,VA
327,"Chelsea, MI",Chelsea,MI
328,"Toledo Start, OH",Toledo,OH
329,"Regis Jesuit",Englewood,CO
330,Independence,Charlotte,NC
331,"Santiago, CA","Moreno Valley",CA
332,Carondelet,"Bay Point",CA
333,"New Kent","New Kent",VA
334,"Bullitt East","Mt Washington",KY
335,"Calloway County",Murray,KY
336,"Calloway County, KY",Murray,KY
337,"Glenbrook South",,IL
338,"Cape Fear, NC",Fayetteville,NC
339,Cooper,Union,KY
340,"Cannon School",Charlotte,NC
341,"Kalamazoo Central",Kalamazoo,MI
342,"South Lyon East","South Lyon",MI
343,"Grand Rapids Catholic Central",Allendale,MI
344,"Ft. Gibson, OK",Rose,OK
345,Carroll,,IN
346,"Noblesville, IN",Noblesville,IN
347,"Grand Rapids Christian","Grand Rapids",MI
348,"Meade County",Brandenburg,KY
349,"McCracken County",Paducah,KY
350,"CAMPBELL County",Jacksboro,TN
351,Ashland,Catlettsburg,KY
352,"Seminaries Saint Francois","St-Augustin De Desmaures Quebec Canada",
353,"George Rogers Clark, KY",Paris,KY
354,"St. Thomas Aquinas, FL",Boca,FL
355,"St Francis","Powder Springs",GA
356,"Sage Hill","Costa Mesa",CA
357,"Sage Hill","Newport Beach",CA
358,"Athens Drive",Raleigh,NC
359,"Home School",,CA
360,"Beebe, AR",Beebe,AR
361,"Manchester Township, NJ",Whiting,NY
362,"Hilliard Davidson",Hilliard,OH
363,Chanhassen,Chanhassen,MN
364,"Gill St Bernards",Flanders,NJ
365,"Olentangy Liberty",Powell,OH
366,"Saint Viator","Mount Prospect",IL
367,Morristown,Morristown,NJ
368,"Shawnee Mission East","Mission Hills",KS
369,"Saint Thomas Aquinas",Lenexa,KS
370,"IMG Academy, FL","East Orange",NJ
371,"Rock Bridge, MO",Columbia,MO
372,"Washburn Rural, KS",Auburn,KS
373,"Our Lady of Lourdes",Columbia,MO
374,"South Laurel, KY",London,KY
375,"Wilmot Union, WI",Trevor,WI
376,"Fremd, IL",Schaumburg,IL
377,"Newton North",Newton,MA
378,"Dayton Early College Academy",Dayton,OH
379,"St Joseph, CA","Santa Maria",CA
380,"Cranbrook Kingswood, MI","Lathrup Village",MI
381,"Holy Cross",Independence,KY
382,"Lincoln-Way East, IL",Frankfort,IL
383,"Glenbrook South",Glenview,IL
384,"Blair Academy, NJ",,NJ
385,"Blair Academy, NJ",Pennington,NJ
386,"McDonogh, MD",McSherrytown,PA
387,"Maret School",Waldorf,MD
388,"St Paul VI Catholic, VA",Aldie,VA
389,"Bishop McNamara",Clinton,MD
390,973-609-0572,Voorhees,NJ
391,"Harry S Truman",Levittown,PA
392,"John Burroughs",Florissant,MO
393,"Lakeville South, MN",Elko,MN
394,Royalton,Royalton,MN
395,"Emma Willard School",Troy,NY
396,"Minnetonka, MN",Minnetonka,MN
397,"St. John Vianney, NJ",Fairfield,NJ
398,"Applewood Heights","Toronto Ontario Canada",
399,Fulton,Knoxville,TN
400,"Wasilla, AK",Wasilla,AK
401,Benton,Benton,AR
402,Dobyns-Bennett,Kingsport,TN
403,Conway,Conway,AR
404,"Coffee County",Manchester,TN
405,"Long Island Lutheran, NY",Portsmouth,VA
406,"Palm Bay, FL","Very Beach",FL
407,"Link Academy, MO",Frisco,TX
408,"Willow Spring","Fuquay Varina",NC
409,"North Raleigh Christian, NC",Raleigh,NC
410,"McMinn Central",Englewood,TN
411,"Cumberland Valley, PA",Enola,PA
412,"Bradley Central, TN","Estill Springs",TN
413,"Grace Christian, NC",Fuquay-Varina,NC
414,"Upper Dublin, PA","Upper Dublin, PA",PA
415,"Perkiomen School","Saratoga Springs",NY
416,"Noble & Greenough","Hyde Park",MA
417,"ES Saint Laurent","Montreal Quebec Canada",
418,Blacksburg,Blacksburg,VA
419,"Liberty Christian, VA",,VA
420,"Cardinal Mooney, FL",,FL
421,"Grayson, GA",,GA
422,"Verona Area, WI",Verona,WI
423,"Waupun Jr-Sr, WI",Waupun,WI
424,Hortonville,Hortonville,WI
425,MHLT,,WI
426,"Knoxville Catholic",Knoxville,TN
427,"Flint Powers Catholic, MI",Flint,MI
428,"Sidwell Friends, DC","Silver Spring",MD
429,"Holy Innocents Episcopal School",Atlanta,GA
430,"USJ, TN",Dyersburg,TN
431,"FD Reitz, IN",Newburgh,IN
432,"Westerville South, OH",Columbus,OH
433,"HEA, MI","Farmington Hills",MI
434,"Belleville, MI",Canton,MI
435,"Western Reserve, OH",Dayton,OH
436,"Streetsboro, OH",Streetsboro,OH
437,Louisville,Louisville,OH
438,"Arrowhead, WI",Hartland,WI
439,"The Rivers School",Attleboro,MA
440,"Flandreau Public",Egan,SD
441,"Ursuline Acdemy of Dallas",Plano,TX
442,"Hartford Union, WI",Lomira,WI
443,"McFarland, WI","McFarland, WI",WI
444,"Wayzata, MN",Plymouth,MN
445,"Home School",Woodbury,MN
446,"Providence Academy, MN",Wayzata,MN
447,"Orono, MN",Independence,MN
448,"St Peter","St Peter",MN
449,"Minnetonka, MN",Farmington,MN
450,"Mount Vernon, IA","Cedar Rapids",IA
451,"Jefferson, SD","Sioux Falls",SD
452,"Hill City","Rapid City",SD
453,"Mount Vernon, SD","Mount Vernon",SD
454,"Rolling Meadows, IL","ARLINGTON Heights",IL
455,Tri-Cities,Riverdale,GA
456,"CR Xavier","Cedar Rapids",IA
457,"Cartersville, GA",Cartersville,GA
458,Deerfield,Deerfield,IL
459,"Whitley County",Williamsburg,KY
460,"Marist, GA",Atlanta,GA
461,"Camden-Fairview, AR",,AR
462,"Corydon Central, IN",Elizabeth,IN
463,"Crosby Ironton, MN",Crosby,MN
464,"Johnston, IA",Johnston,IA
465,"Bishop Ireton",Washington,DC
466,"Montverde Academy, FL",Shakopee,MN
467,"Hortonville, WI",Greenville,WI
468,"Millard West, NE",Millard,NE
469,"Lincoln Northeast",Lincoln,NE
470,"Cripus Attucks, IN",Indianapolis,IN
471,Spring-Ford,Collegeville,PA
472,"Whitney, CA",Rocklin,CA
473,"IMG Academy, FL","Toronto,Ontario Canada",Country
474,Millbrook,Millbrook,NY
475,Hebron,Carrollton,TX
476,"St. Mary's, CA",Stockton,CA
477,"Arapahoe, CO",Littleton,CO
478,"Holy Cross Prep Academy",Delran,NJ
479,"Nooksack Valley, WA",,WA
480,"Bishop Mieve",DeSoto,KS
481,Baldwin,Baldwin,GA
482,"St. John's College, MD",Washington,DC
483,"Bishop McNamara, MD",,MD
484,"Sparrows Point, MD",Baltimore,MD
485,"Bishop McNamara, MD","District Heights",MD
486,"Bullis, MD",,MD
487,"Wesleyan, GA",Lovejoy,GA
488,"Princeton, OH",Leesburg,OH
489,"Palm Bay, FL","Palm Bay",FL
490,"Butler College Prep, IL",Chicago,IL
491,"West Des Moines","Des Moines",IA
492,"North Polk",Alleman,IA
493,"Skutt Catholic",Blair,NE
494,"Pickerington Ridgeview",Pickerington,OH
495,"DME Academy, FL",Chicago,IL
496,"Mueller Park MS",,CO
497,"Princess Anne",,VA
498,"Etiwanda, CA","Las Vegas",NV
499,Trinity,,VA
500,"Kellam, VA",,VA
501,"Bishop Ireton, VA",Accokeek,MD
502,Wallkill,Wallkill,NY
503,"Solon, IA",Solon,IA
504,"Elkhorn North, NE",Elkhorn,NE
505,"Charlotte Catholic, NC",Charlotte,NC
506,"Archbishop Spalding",,MD
507,"West Cabarrus",Concord,NC
508,Pittsford,,MI
509,"St Francis",Suwanee,GA
510,"Davenport North, IA",Davenport,IA
511,"Morris Catholic, NJ",Paterson,NJ
512,"Wheeling Park",Wheeling,WV
513,"Our Lady of Lourdes, NY",Poughkeepsie,NY
514,"Union, WA",,AK
515,"Mt Vernon, IN",McCordsville,IN
516,"Rutherford, FL","Panama City",FL
517,Huntsville,Huntsville,AL
518,"Washington, IN","South Bend",IN
519,"Salpointe Catholic, AZ",Vail,AZ
520,"Good Counsel, MD",Odenton,MD
521,Winsdor,,CT
522,"York Institute",Jamestown,TN
523,609-551-5011,,PA
524,"Hazel Green, AL",Harvest,AL
525,Buckhorn,Huntsville,AL
526,"Duncanville, TX",Albuquerque,NM
527,"Tabor Academy, MA",Dedham,MA
528,"Wylie East, TX",Sachse,TX
529,"Hewitt-Trussville, AL",Trussville,AL
530,"Clovis West, CA",Fresno,CA
531,"Mansfield Timberview",Dallas,TX
532,Braswell,"Little Elm",TX
533,"Mercy Academy, KY",Elizabethtown,KY
534,"Hopkins, MN","Brooklyn Park",MN
535,DECA,Dayton,OH
536,"Panther Creek, NC","Fuquay Varina",NC
537,"Legacy Early College, SC",Waterloo,SC
538,"Bethlehem Central",Delmar,NY
539,"Wesleyan, GA",Stockbridge,GA
540,"Noble& Greenough",Boston,MA
541,"Putnam City West",Bethany,OK
542,"Hardin Jefferson, TX",China,TX
543,"Xavier Prep",Anthem,AZ
544,"Westmoore, OK","Oklahoma City",OK
545,"Summer Creek, TX",Humble,TX
546,Lancaster,Lancaster,TX
547,Sachse,Rowlett,TX
548,"Prestonwood Christian Acadmey, TX",Rowlett,TX
549,"Hamilton Southeastern, IN",Fishers,IN
550,"Northside Methodist School",Eufaula,AL
551,"Lancaster Central, NY","Lancaster, NY",NY
552,"Worcester Academy, MA",Worcester,MA
553,"Clarksville Christian, TN",Clarksville,TN
554,"Cypress Lakes, TX",Hockley,TX
555,"Washburn Rural",Topeka,KS
556,"Helias Catholic, MO","Jefferson City",MO
557,"Seven Lakes, TX",Katy,TX
558,"PAUL VI Catholic, VA",Ashburn,VA
559,"Bethany, OK","Oklahoma City",OK
560,"Oaks Christian, CA",Carpinteria,CA
561,"RCA, TN",Oakland,TN
562,"Clarksville, TN",Clarksville,TN
563,"Saddle River, NJ",Closter,NJ
564,"Booker T. Washington, OK",Tulsa,OK
565,"New Providence","New Providence",NJ
566,"St. Johns College, DC",Vienna,VA
567,"Archbishop Hoban",Akron,OH
568,"J.M. Robinson, NC",Mooresville,NC
569,"Tilton, NH",,NH
570,"Benilde St Margarets, MN","Brooklyn Park",MN
571,"Germantown, MS",Madison,MS
572,"Calvary  Christian Academy","South Daytona",FL
573,"Africentric, OH",Columbus,OH
574,"IMG Academy, FL",Bradenton,FL
575,"George Washington, WV",,WV
576,"Georgetown Visitation","Great Falls",VA
577,"College Station","College Station",TX
578,"Northview Academy",,TN
579,"Central Magnet, TN",Murfreesboro,TN
580,"Auburn, AL",Auburn,AL
581,Somerset,"Science Hill",KY
582,"South Bend Washington",Northwood,OH
583,"Bishop Kenny, FL",Jacksonville,FL
584,"McDonough, MD",Columbia,MD
585,"Kennedy Catholic",Sharon,PA
586,Pikeville,"Pikeville, KY",KY
587,"Blue Springs","Kansas City",MO
588,"GEORGE Washington","South Charleston",WV
589,MTCS,,TN
590,"Tea Area, SD",Tea,SD
591,"Kipp Spirit",Houston,TX
592,"Spring Branch",Houston,TX
593,Kountze,Kountze,TX
594,"Thompson Elementary",Houston,TX
595,"Judson, TX","San Antonio",TX
596,"Pasadena Memorial, TX",Pasadena,TX
597,Leander,,TX
598,"Cinco Ranch",Katy,TX
599,Fredericksburg,Fredricksburg,TX
600,Fredricksburg,Fredricksburg,TX
601,"Dripping Springs",Houston,TX
602,Lytle,"San Antonio",TX
603,"West Memorial",Houston,TX
604,McNair,Houston,TX
605,"Marine D Jones",Humble,TX
606,Pershing,Houston,TX
607,"GEORGE Washington",Charleston,WV
608,"Louis Brandeis, TX","San Antonio",TX
609,"Western Oaks MS",Bethany,OK
610,Uniondale,Uniondale,NY
611,"South Grand Prairie, TX",,TX
612,"Putnam City West, OK",Langston,OK
613,"Grind Prep, OK",Ada,OK
614,"Bishop Kearney",Brooklyn,NY
615,"Bradford Christian Academy",Haverhill,MA
616,"Copper MS","Powder Springs",GA
617,"Cinco Ranch, TX",Katy,TX
618,"Sacred Heart, KY",Shelbyville,KY
619,"HavenView MS",Memphis,TN
620,"Carrollwood Day School","Wesley Chapel",FL
621,"Andrew Lewis MS",Salem,VA
622,"Dutch Fork ME",Columbia,SC
623,"Boyd County, KY",Catlettsburg,KY
624,"Crestwood Prep, ONT","Toronto Ontario Canada",Country
625,"WSCN, NC","Fort Mill",SC
626,Ryle,Union,KY
627,"Crestwood Prep","Scarborough Ontario Canada",
628,"Red Bank Catholic, NJ",Barnegat,NJ
629,"Incarnate Word Academy","St Louis",MO
630,Westridge,Austin,TX
631,"Ryle, KY",Florence,KY
632,"Miami Country Day, FL",Miami,FL
633,"Miami Country Day",Miami,FL
634,"Casady, OK",,IL
635,"St. Teresa's Academy, MO",,MO
636,"Russell, KY",Ashland,KY
637,"Elk Grove Charter School","Elk Grove",CA
638,"Garfield, WA",Seattle,WA
639,"Windward School, CA","Los Angeles",CA
640,"Bishop Alemany","North Hollywood",CA
641,Lynwood,Lynwood,CA
642,"Centennial, NV","Las Vegas",NV
643,"Etiwanda, CA","Moreno Valley",CA
644,"Xavier College Prep",,CA
645,"Spring Valley",Henderson,NV
646,"Desert Vista, AZ",Phoenix,AZ
647,"Etiwanda, CA",Rialto,CA
648,Frontier,Bakersfield,CA
649,"Liberty, CA",Bakersfield,CA
650,"Mater Dei, CA",Orange,CA
651,"St Anthony",Lakewood,CA
652,"Key MS",Springfield,VA
653,"Connelly School, MD",Potomac,MD
654,"Lincoln Community, IL",Lincoln,IL
655,"James River, VA",Midlothian,VA
656,"Ben Franklin MS",Ridgewood,NJ
657,"Miami Country Day",Miramar,FL
658,Minnetonka,Wayzata,MN
659,"Purcell Marian, OH",Cincinnati,OH
660,"Winton Woods",Cincinnati,OH
661,"Bethany, OK",Rowlett,TX
662,"Tabor Academy, MA",Wrentham,MA
663,"Sierra Canyon","Los Angeles",CA
664,"Midwest City","Oklahoma City",OK
665,"Faith Family, TX",Duncanville,TX
666,"North Bend",Omaha,NE
667,"Blanche Ely","Oakland Park",FL
668,"Camden, SC",Rembert,SC
669,"Augusta CHRISTIAN School",Augusta,GA
670,"Mater Dei, CA","LaDreda Ranch",CA
671,Buna,Buna,TX
672,"Blue Springs South, MO",,MO
673,"Coeur d'Alene, ID","Liberty Lake",WA
674,"Rutgers Prep, NJ",Somerset,NJ
675,"Blanche Ely","Lake Worrh",FL
676,"Lake Highland Prep, FL",Orlando,FL
677,"Christopher, IL",Christopher,IL
678,"Calvary Day School",Savannah,GA
679,Duncanville,,
680,"Westtown School, PA",Brooklyn,NY
681,Watauga,Boone,NC
682,"John Burroughs School",,MO
683,Germantown,Memphis,TN
684,"McKenzie MS",,TN
685,"Lutheran Saint Charles, MO","Lutheran St. Charles, ",MO
686,"Christian Academy",,KY
687,"Saint Theresa",,VA
688,"Carver MS",,OK
689,"Ankeny Centennial",Ankeny,IA
690,"IMG Academy, FL",,MS
691,Sumter,Sumter,SC
692,"Long Island Lutheran, NY","Valley Stream",NY
693,"Paisley IB Magnet",Winston-Salem,NC
694,"Solano MS",Vallejo,CA
695,"Golden West MS",Fairfield,CA
696,"Hyde Park",,NY
697,Hotchkiss,"Floral Park",NY
698,"Nazareth Regional","Staten Island",NY
699,"Millenium, AZ",Surprise,AZ
700,"Wake Forest","Wake Forest",NC
701,"Shabach, MD","Indian Head",MD
702,"Broken Arrow, OK",Tulsa,OK
703,"Heathwood Hall Episcopal",Orangeburg,SC
704,"MYERS Park",Charlotte,NC
705,"DME Academy, FL","Staten Island",NY
706,"IS 27","Staten Island",NY
707,Alcoa,Maryville,TN
708,"Lancaster, TX",Atlanta,GA
709,"Renaissance MS",Atlanta,GA
710,"Williams MS",Florence,SC
711,"Union Grove MS",McDonough,GA
712,"Arabia Mountain",Tucker,GA
713,"River Trail MS","Johns Creek",GA
714,"Hebron, TX",,TX
715,"Snellville MS",Snellville,GA
716,"Fairmont MS",Lockport,IL
717,"SJ Welsh","Lake Charles",LA
718,"Mission West",Houston,TX
719,"Brennan, TX","San Antonio",TX
720,"St Catherine of Siena",Raleigh,NC
721,"Parkhill South","Kansas City",MO
722,"Omaha Central, NE",Omaha,NE
723,"Park Hill South, MO",Parkville,MO
724,"Staley, MO","Kansas City",MO
725,"Wichita Heights",Wichita,KS
726,"Waubonsie Valley",Naperville,IL
727,"Nequa Valley",Bolingbrook,IL
728,"Franklin Community",Franklin,IN
729,"Legion Prep Academy, TX",,TX
730,"Principia, MO",,MO
731,"Lawrence North, IN",Fishers,IN
732,317-774-6952,Noblesville,IN
733,"Whitney Young",Chicago,IL
734,"West Bloomfield","West Bloomfield, MI",MI
735,"West Bloomfield, MI","Farmington Hills",MI
736,"Ecole Secondary","Montreal Quebec Canada",
737,"Batavia, KY",Batavia,IL
738,"Lake Highland Prep",Orlando,FL
739,"Waynesville, MO",Fayetteville,AR
740,"Bedford North Lawrence, IN",Bedford,IN
741,"Saline MS",Saline,MI
742,"IMG Academy, FL",,MD
743,"Neuqua Valley",Naperville,IL
744,"London Towne ES",,VA
745,"Princess Anne","Virginia Beach",VA
746,"Incarnate Word Academy, MO",Warrenton,MO
747,"Karen Wagner, TX",Converse,TX
748,"St Charles North","St Charles",IL
749,"Providence Catholic, TX",,TX
750,"Detroit Edison",Clemens,MI
751,"Inman MS",DeCatur,GA
752,773-574-3910,"Crown Point",IL
753,"Goodpasture Christian School",Nashville,TN
754,"St. Johns, DC",Baltimore,MD
755,"Johnston, IA",Grimes,IA
756,"Southeast Polk",Altoona,IA
757,"Dallas Center Grimes MS",Grimes,IA
758,"Holy Innocents Episcopal",Austell,GA
759,"Clinton JHS",Clinton,MS
760,"Wesleyan, GA",Decatur,GA
761,Germantown,Canton,MS
762,"Spring Garden, AL",Piedmont,AL
763,"Galloway, GA",Atlanta,GA
764,"Bishop McNamara, MD","Upper Marlboro",MD
765,Meigs,Pomeroy,OH
766,"Buford, GA","Flowery Branch",GA
767,"Sidwell Friends, DC","Manassas Park",VA
768,"Bolingbrook, IL","Bolingbrook, IL",IL
769,"Hamilton Southeastern",Fishers,IN
770,"Norman, OK",Norman,OK
771,"Downtown MS",Bakersfield,CA
772,"Emblem Academy Elementary","Santa Clarita",CA
773,Rivercrest,Joiner,AR
774,"Byng Elementary",Ada,OK
775,"Lakeway Christian Academy","Jefferson City",TN
776,Norcross,Atlanta,GA
777,"Westside Elementaryv",Cedartown,GA
778,"Newton, GA",Covington,GA
779,"East Magnet MS",Nashville,TN
780,"Browns Chapel",Smyrna,TN
781,"Montverde Academy, FL",Nashville,TN
782,"Mil Creek MS",Nollensville,TN
783,"HUDSON Catholic",Roseland,NJ
784,"IMG Academy, FL",Clifton,NJ
785,"Life Center Academy, NJ","Silver Spring",MD
786,Hammond,Lexington,SC
787,"North Pitt, NC",Greenville,NC
788,"Long Island Lutheran, NY",,Country
789,"Montverde Academy, FL",,Country
790,"Peak To Peak Charter, CO",,Country
791,"Colfax, WA",,Country
792,"Edmond Memorial, OK",,Country
793,"Ridgeline, UT",,Country
794,"Whitney Young, IL",,Country
795,"Grandview Prep, FL",,Country
796,"Noble & Grennough, MA",,Country
797,"Bishop Ireton, VA",,Country
798,"Archie Williams, CA",,Country
799,"Pewaukee, WI",,Country
800,"St. Luke's, CT",,Country
801,"Bradley Central, TN",,Country
802,"Montverde, FL",,Country
803,"Watauga, NC",,Country
804,"Detroit Edison, MI",,Country
805,"Prestonwood Christian, TX",,Country
806,"Little Elm, TX",,Country
807,"Mater Dei, CA",,Country
808,"Hebron Christian Academy, GA",,Country
809,"Chiawanna, WA",,Country
810,"Douglass, OK",,Country
811,"Clackmas, OR",,Country
812,"Northside, OK",,Country
813,"Boilingbrook, IL",,Country
814,"Mill Creek, GA",,Country
815,"Bishop O'Dowd, CA",,Country
816,"Grind Prep, OK",,Country
817,"Monroe, GA",,Country
818,"South Pointe, SC",,Country
819,"Ontario Christian, CA",,Country
820,"Marshall, MN",,Country
821,"Fairmont, OH",,Country
822,"Chattanooga Christian, TN",,Country
823,"Cannon, NC",,Country
824,"The Webb School, TN",,Country
825,"Willamette, OR",,Country
826,"San Joaquin Memorial, CA",,Country
827,"DeSoto, TX",,Country
828,"Winston Salem Christian National, NC",,Country
829,"Notre Dame Academy, WI",,Country
830,"Blue Valley, KS",,Country
831,"Xavier, IA",,Country
832,"St. Thomas Aquanis, FL",,Country
833,"Caine Wilson Secondary, ONT",,Country
834,"Centennial, NV",,Country
835,"Rice Lake, WI",,Country
836,"New Manchester, GA",,Country
837,"Jefferson Christian, VA",,Country
838,"Loomis Chafee, CT",,Country
839,"Montini Catholic, IL",,Country
840,"Skyline, MT",,Country
841,"Legion Prep, TX",,Country
842,"Link Academy, MO",,Country
843,"Hamilton Heights, TN",,Country
844,"Ewing, NJ",,Country
845,"Blackmon, TN",,Country
846,"Sage Hill, CA",,Country
847,"Purcell Marian, OH",,Country
848,"Kenwood, IL",,Country
849,"Crescenta Valley, CA",,Country
850,"Stillwater Area, MN",,Country
851,"Lincoln SW, NE",,Country
852,"Crestwood Prep, ONT",,Country
853,"Lyons Township, IL",,Country
854,"TPLS, VA",,Country
855,"McClatchy, CA",,Country
856,"Langston Hughes, GA",,Country
857,"Cardinal Newman, CA",,Country
858,"Alamo Heights, TX",,Country
859,"Woodward Academy, GA",,Country
860,"Noblesville, IN",,Country
861,"Peters Township, PA",,Country
862,"Bishop Montgomery, CA",,Country
863,"Frisco, TX",,Country
864,"Lake Creek, TX",,Country
865,"Loyola Academy, IL",,Country
866,"Norcross, GA",,Country
867,"Noble Greenough, MA",,Country
868,"Tabor Academy, MA",,Country
869,"Seaforth, NC",,Country
870,"Johnston, IA",,Country
871,"Mercy, MD",,Country
872,"Dyersburg, TN",,Country
873,"Briarcrest Christian, TN",,Country
874,"Bishop Miege, KS",,Country
875,"Lake Zurich, IL",,Country
876,"Dowling Catholic, IA",,Country
877,"Judson, TX",,Country
878,"Farmington, AR",,Country
879,"Snow Canyon, UT",,Country
880,"St. Joseph Sea, NY",,Country
881,"Audenried Charter, PA",,Country
882,"McMinnville, OR",,Country
883,"Cardinal O'Hara, NY",,Country
884,"Benilde-St Margaret's, MN",,Country
885,"Sanford, NJ",,Country
886,"Anthony Wayne, OH",,Country
887,"Millwood, OK",,Country
888,"Pine Creek, CO",,Country
889,"South Grand Prairie, TX",,Country
890,"Fort Erie Secondary, CAN",,Country
891,"Minnehaha, MN",,Country
892,"Fort Erie Int'l CAN",,Country
893,"Wagner, SD",,Country
894,"Sierra Canyon, CA",,Country
895,"Booker T. Washington, FL",,Country
896,"Veterans, GA",,Country
897,"Centennial, CA",,Country
898,"Norfolk Christian, VA",,Country
899,"Albertus Magnus, NY",,Country
900,"Central Catholic, MA",,Country
901,"Quaker Valley, PA",,Country
902,"Buena, CA",,Country
903,"Faith Family Academy, TX",,Country
904,"Hamilton Southeastern, IN",,Country
905,"Xavier College Prep, AZ",,Country
906,"Example Academy, IL",,Country
907,"St. John Vianney, NJ",,Country
908,"Red Bank Catholic, NJ",,Country
909,"Silver Creek, IN",,Country
910,"Etiwanda, CA",,Country
911,"Bishop Gorman, NV",,Country
912,"Bearden, TN",,Country
913,"Central Pointe Christian, FL",,Country
914,"Danville Christian, KY",,Country
915,"Bullis, MD",,Country
916,"Princess Anne, VA",,Country
917,"Ursuline Academy, DE",,Country
918,"Cypress Springs, TX",,Country
919,"Oak Grove, LA",,Country
920,"Archbishop Wood, PA",,Country
921,"Corona, NM",,Country
922,"Eastside Catholic, WA",,Country
923,"Sandy Creek, GA",,Country
924,"Bettendorf, IA",,Country
925,"Plano East, TX",,Country
926,"Winton Woods, OH",,Country
927,"Fayetteville, AR",,Country
928,"Windward, CA",,Country
929,"North Mesquite, TX",,Country
930,"MICD, MO",,Country
931,"Mars Hill Bible, AL",,Country
932,"Quincy Senior, IL",,Country
933,"Dexter School, MA",,Country
934,"Minnetonka, MN",,Country
935,"La Follette, WI",,Country
936,"Princeton, OH",,Country
937,"St. Thomas Aquinas, FL",,Country
938,"Holy Innocents, GA",,Country
939,"PHH Prep, AZ",,Country
940,"Olathe South, KS",,Country
941,"Kellam, VA",,Country
942,"Iroquois, NY",,Country
943,"Seven Lakes, TX",,Country
944,"Albertville, AL",,Country
945,"Pine Crest, FL",,Country
946,"Pocatello, ID",,Country
947,"Democracy Prep, NV",,Country
948,"Westtown, PA",,Country
949,"Arapahoe, CO",,Country
